{
  "display": {
    "background": "minecraft:textures/block/stone.png",
    "icon": {
      "item": "minecraft:golden_sword"
    },
    "title": {
      "translate": "advancements.have_fire.title"
    },
    "description": {
      "translate": "advancements.have_fire.descr"
    },
    "frame": "task",
    "show_toast": true,
    "announce_to_chat": false,
    "hidden": false
  },
  "criteria": {
    "have_fire_0": {
      "trigger": "minecraft:changed_dimension",
      "conditions": {
        "to": "minecraft:overworld"
      }
    }
  }
}