{
  "_fv": 77,
  "_type": "command",
  "definition": {
    "commandName": "dalta",
    "type": "STANDARD",
    "permissionLevel": "2",
    "argsxml": "<xml xmlns=\"https://developers.google.com/blockly/xml\"><block type=\"args_start\" deletable=\"false\" x=\"257\" y=\"181\"><next><block type=\"call_procedure\"><field name=\"procedure\">Fix</field></block></next></block><block type=\"literal\" x=\"733\" y=\"227\"><field name=\"name\">add_health</field><statement name=\"args\"><block type=\"entity\"><field name=\"name\">entity</field><field name=\"type\">entity</field></block></statement></block><block type=\"literal\" x=\"156\" y=\"347\"><field name=\"name\">test</field><statement name=\"args\"><block type=\"literal\"><field name=\"name\">set_health</field><statement name=\"args\"><block type=\"entity\"><field name=\"name\">entity</field><field name=\"type\">entity</field></block></statement></block></statement></block><block type=\"number_default\" x=\"476\" y=\"376\"><field name=\"name\">num</field></block><block type=\"number_default\" x=\"738\" y=\"424\"><field name=\"name\">num</field></block><block type=\"number_min\" x=\"549\" y=\"574\"><field name=\"name\">num</field><field name=\"min\">-2147483648</field><statement name=\"args\"><block type=\"call_procedure\"><field name=\"procedure\">Boosthealth</field></block></statement></block></xml>"
  }
}