{
  "_fv": 77,
  "_type": "achievement",
  "definition": {
    "achievementName": "战场征程",
    "achievementDescription": "进行一次全面战场对局",
    "achievementIcon": {
      "value": "Items.GOLDEN_SWORD"
    },
    "background": "Default",
    "disableDisplay": false,
    "showPopup": true,
    "announceToChat": false,
    "hideIfNotCompleted": false,
    "rewardLoot": [],
    "rewardRecipes": [],
    "rewardXP": 0,
    "achievementType": "task",
    "parent": {
      "value": "No parent: root"
    },
    "triggerxml": "<xml xmlns=\"https://developers.google.com/blockly/xml\"><block type=\"advancement_trigger\" deletable=\"false\" x=\"315\" y=\"91\"><next><block type=\"dimension_entered\"><field name=\"dimension\">Surface</field></block></next></block></xml>"
  }
}