{
  "_fv": 77,
  "_type": "achievement",
  "definition": {
    "achievementName": "制导导弹",
    "achievementDescription": "拥有一枚制导导弹",
    "achievementIcon": {
      "value": "Items.ARROW"
    },
    "background": "Default",
    "disableDisplay": false,
    "showPopup": true,
    "announceToChat": true,
    "hideIfNotCompleted": false,
    "rewardLoot": [],
    "rewardRecipes": [],
    "rewardXP": 200,
    "achievementType": "goal",
    "parent": {
      "value": "CUSTOM:HasZD"
    },
    "triggerxml": "<xml xmlns=\"https://developers.google.com/blockly/xml\"><block type=\"advancement_trigger\" deletable=\"false\" x=\"40\" y=\"80\"><next><block type=\"custom_trigger\"></block></next></block></xml>"
  }
}