{
  "_fv": 77,
  "_type": "function",
  "definition": {
    "code": "# 创建队伍\nteam add GTI\nteam add HAAVK\n\n# 关闭友军伤害\nteam modify GTI friendlyFire false\nteam modify HAAVK friendlyFire false\n\n# 仅显示队友标签\nteam modify GTI nametagVisibility hideForOtherTeams\nteam modify HAAVK nametagVisibility hideForOtherTeams\n\n# 仅显示队内死亡信息\nteam modify GTI deathMessageVisibility hideForOtherTeams\nteam modify HAAVK deathMessageVisibility hideForOtherTeams",
    "name": "init",
    "namespace": "mod"
  }
}