{
  "_fv": 77,
  "_type": "function",
  "definition": {
    "code": "# 步骤1: 检查玩家是否在区域（矩形 x[467,525] z[233,249]）\nexecute unless entity @a[x=467,z=233,dx=58,dz=16,team=!] run function tacz:check_leave\n\n# 步骤2: 倒计时反馈（每秒广播）\nexecute if score $Timer TACZ_Timer matches 20 run tellraw @a [{\"text\":\"倒计时:\",\"color\":\"gray\"},{\"score\":{\"name\":\"$Timer\",\"objective\":\"TACZ_Timer\"},\"color\":\"gold\"}]\nscoreboard players remove $Timer TACZ_Timer 1\n\n# 步骤3: 检查匪徒数量（中心429,63,241 半径7）\nexecute store result score $Count TACZ_BanditCount if entity @e[type=tacz_npc:bandit,x=429,y=63,z=241,distance=..7]\n\n# 补充/清理实体（保持5-15个）\nexecute if score $Count TACZ_BanditCount matches ..4 run function tacz:summon_bandit\nexecute if score $Count TACZ_BanditCount matches 15.. run function tacz:remove_bandit\n\n# 步骤4: 完成或失败检查\nexecute if score $Timer TACZ_Timer matches 0 run function tacz:success\nexecute if score $Fail TACZ_Phase matches 1 run function tacz:failure",
    "name": "loop",
    "namespace": "mod"
  }
}