{
  "_fv": 77,
  "_type": "function",
  "definition": {
    "code": "# 奖励区域玩家（包括5秒内离开的）\nscoreboard players set @a[team=mission_team] LeaveTime 0\ntag @a[team=mission_team] remove in_mission\nexecute as @a[scores={LeaveTime=..5}] run xp 15 levels\nexecute as @a[scores={LeaveTime=..5}] run give @s diamond 32\n\n# 清理命令块\nfill 99 72 268 99 57 268 air  # 第一命令链 (向下15格)\nsetblock 524 23 246 air      # 第二命令块\nsetblock 524 24 246 air      # 按钮\nscoreboard objectives remove Timer",
    "name": "mission_success",
    "namespace": "mod"
  }
}