{
  "_fv": 77,
  "_type": "function",
  "definition": {
    "code": "# 减少计时器\nexecute if score #Global Timer matches 1.. run scoreboard players remove #Global Timer 1\n\n# 检测玩家在区域 (x233-525, z249-467) 内\ntag @a remove in_area\nexecute at @a[team=mission_team] positioned over 467 249 if entity @s[x=233,z=249,dx=292,dz=218] run tag @s add in_area\n\n# 警告离开的玩家\nexecute as @a[team=mission_team,tag=!in_area] run tellraw @s \"警告：离开驻守区域！\"\n\n# 检测队伍状态\nexecute unless entity @a[team=mission_team] run function tacz_dalta:mission_fail  # 全队死亡立即失败\nexecute unless entity @a[team=mission_team,tag=in_area] run scoreboard players add #NoPlayer 1\nexecute if entity @a[team=mission_team,tag=in_area] run scoreboard players set #NoPlayer 0\n\n# 区域无玩家超5秒失败\nexecute if score #NoPlayer matches 5.. run function tacz_dalta:mission_fail\n\n# 召唤怪物（位置429,63,241，半径7）\nexecute store result score #BanditCount data run data get entity @e[type=tacz_npc:bandit,x=429,y=63,z=241,distance=..7]\nexecute if score #BanditCount matches ..4 run function tacz_dalta:spawn_bandits\n\n# 检查计时结束\nexecute if score #Global Timer matches 0 run function tacz_dalta:mission_success\n\n# 每秒循环\nschedule function tacz_dalta:mission_loop 1t",
    "name": "mission_loop",
    "namespace": "mod"
  }
}