{
  "_fv": 77,
  "_type": "function",
  "definition": {
    "code": "# 生成15个土匪\nsummon tacz_npc:bandit 429 63 241 {Tags:[\"temp\"]}\nsummon tacz_npc:bandit 429 63 241 {Tags:[\"temp\"]}\nsummon tacz_npc:bandit 429 63 241 {Tags:[\"temp\"]}\nsummon tacz_npc:bandit 429 63 241 {Tags:[\"temp\"]}\nsummon tacz_npc:bandit 429 63 241 {Tags:[\"temp\"]}\nsummon tacz_npc:bandit 429 63 241 {Tags:[\"temp\"]}\nsummon tacz_npc:bandit 429 63 241 {Tags:[\"temp\"]}\nsummon tacz_npc:bandit 429 63 241 {Tags:[\"temp\"]}\nsummon tacz_npc:bandit 429 63 241 {Tags:[\"temp\"]}\nsummon tacz_npc:bandit 429 63 241 {Tags:[\"temp\"]}\nsummon tacz_npc:bandit 429 63 241 {Tags:[\"temp\"]}\nsummon tacz_npc:bandit 429 63 241 {Tags:[\"temp\"]}\nsummon tacz_npc:bandit 429 63 241 {Tags:[\"temp\"]}\nsummon tacz_npc:bandit 429 63 241 {Tags:[\"temp\"]}\n\ntag @e[tag=temp] remove temp\n\n# 分散到半径7内\nexecute as @e[type=tacz_npc:bandit,x=429,y=63,z=241,distance=..1,tag=temp] run spreadplayers 429 241 0 7 @s",
    "name": "spawn_bandits",
    "namespace": "mod"
  }
}