{
  "_fv": 77,
  "_type": "function",
  "definition": {
    "code": "summon tacz_npc:bandit 314 63 242\nsummon tacz_npc:bandit 314 63 242\nsummon tacz_npc:bandit 314 63 242\nsummon tacz_npc:bandit 314 63 242\nsummon tacz_npc:bandit 314 63 242\nsummon tacz_npc:bandit 314 63 242\nsummon tacz_npc:bandit 314 63 242\nsummon tacz_npc:bandit 314 63 242\nsummon tacz_npc:bandit 314 63 242\nsummon tacz_npc:bandit 314 63 242\nsummon tacz_npc:bandit 314 63 242\nsummon tacz_npc:bandit 314 63 242\nsummon tacz_npc:bandit 314 63 242\nsummon tacz_npc:bandit 314 63 242\nsummon tacz_npc:bandit 314 63 242",
    "name": "summon",
    "namespace": "mod"
  }
}