{
  "_fv": 77,
  "_type": "gui",
  "definition": {
    "type": 0,
    "width": 256,
    "height": 106,
    "inventoryOffsetX": 0,
    "inventoryOffsetY": 0,
    "renderBgLayer": true,
    "doesPauseGame": false,
    "components": [
      {
        "type": "button",
        "data": {
          "name": "button_yx100zhu_zhan_tan_ke",
          "text": "YX-100主战坦克",
          "isUndecorated": false,
          "onClick": {
            "name": "SummonYX100"
          },
          "width": 77,
          "height": 20,
          "x": 107,
          "y": 80,
          "locked": false
        }
      },
      {
        "type": "label",
        "data": {
          "name": "label_qing_xuan_ze_zai_ju",
          "text": {
            "fixedValue": "请选择载具："
          },
          "color": {
            "value": -10027009,
            "falpha": 0.0
          },
          "x": 191,
          "y": 37,
          "locked": false
        }
      },
      {
        "type": "button",
        "data": {
          "name": "button_lav150_lun_shi_bu_bing_zhan_che",
          "text": "LAV-150 轮式步兵战车",
          "isUndecorated": false,
          "onClick": {
            "name": "SummonLAV150"
          },
          "width": 98,
          "height": 20,
          "x": 222,
          "y": 80,
          "locked": false
        }
      },
      {
        "type": "label",
        "data": {
          "name": "label_jing_gao_zhe_bu_hui_zan_ting_you_xi_ji_shi_zai_dan_ren_shi_jie_zhong",
          "text": {
            "fixedValue": "警告：这不会暂停游戏，即使在单人世界中！"
          },
          "color": {
            "value": -52429,
            "falpha": 0.0
          },
          "x": 153,
          "y": 185,
          "locked": false
        }
      },
      {
        "type": "button",
        "data": {
          "name": "button_bmp2_lu_dai_shi_bu_bing_zhan_che",
          "text": "BMP-2 履带式步兵战车",
          "isUndecorated": false,
          "onClick": {
            "name": "SummonBMP2"
          },
          "width": 93,
          "height": 20,
          "x": 223,
          "y": 124,
          "locked": false
        }
      },
      {
        "type": "button",
        "data": {
          "name": "button_ah6_xiao_niao_zhi_sheng_ji",
          "text": "AH-6 小鸟直升机",
          "isUndecorated": false,
          "onClick": {
            "name": "SummonAH6"
          },
          "width": 77,
          "height": 20,
          "x": 107,
          "y": 124,
          "locked": false
        }
      }
    ],
    "gridSettings": {
      "sx": 18,
      "sy": 18,
      "ox": 11,
      "oy": 15,
      "snapOnGrid": false
    }
  }
}